{
	"info": {
		"version": 20140314,
		"host": "http://i.imgur.com/"
	},
	"2009": {
		"Easter": ["wZU1xZ3.jpg", "wzOdFfP.jpg"],
		"Earth Day": ["3yMo50M.jpg", "E76CCum.jpg"],
		"Prom": ["CpkDYmQ.jpg", "mBx1ysa.jpg"],
		"Summer": ["6LUjfFo.jpg", "c5KlJ6l.jpg"],
		"Camp": ["QIlf575.jpg", "sVOAIJV.jpg"],
		"Halloween": ["lCMRfHP.jpg", "qq2R5AG.jpg"],
		"Christmas": ["d7Ttojw.jpg", "immSmOs.jpg"]
	},
	"2010": {
		"Love Charm RIG": ["http://s.cdn.gaiaonline.com/images/rig/january2010/0110_rig.jpg", "http://s.cdn.gaiaonline.com/images/rig/january2010/0110_rig_tile.jpg"],
		"Poseidon Legacy RIG": ["http://s.cdn.gaiaonline.com/images/rig/february2010/pseidon_banner.jpg", "http://s.cdn.gaiaonline.com/images/rig/february2010/pseidon_banner_tile.jpg"],
		"Code Alpha CI": ["http://s.cdn.gaiaonline.com/images/rig/march2010/march_rig.jpg", "KWc1pMA.png"],
		"April Fools": ["http://s.cdn.gaiaonline.com/images/event/afevent2010/2010_af_header.gif", "default"],
		"Easter": ["H1aj2Gs.jpg", "m5RGmki.png"],
		"Perfect Tragedy CI": ["z3ZpwVA.jpg", "6Nsru3X.jpg"],
		"Sparkling": ["OeUAml6.jpg", "DwMz7UM.jpg"],
		"Luna's Incense CI": ["http://s.cdn.gaiaonline.com/images/rig/may2010/dream_header.jpg", "http://s.cdn.gaiaonline.com/images/rig/may2010/dream_header_tile.jpg"],
		"Famestar Hero CI": ["http://s.cdn.gaiaonline.com/images/rig/june2010/musicheader.png", "http://s.cdn.gaiaonline.com/images/rig/june2010/musicheader_cut.png"],
		"Spring Cleaning": ["0MWY9yK.jpg", "default"],
		"Wrath of Gaia CI": ["http://s.cdn.gaiaonline.com/images/rig/july2010/july_header.jpg", "http://s.cdn.gaiaonline.com/images/rig/july2010/july_header_cut.jpg"],
		"Final Reign CI": ["http://s.cdn.gaiaonline.com/images/rig/august2010/August_Header.jpg", "http://s.cdn.gaiaonline.com/images/rig/august2010/August_Header_cut.jpg"],
		"Frontier Skies": ["27EkLvm.jpg", "R5qsIk6.jpg"],
		"Cirque Du Gothique CI": ["hnXUFUK.jpg", "q5odbA2.png"],
		"Hell Prison CI": ["http://s.cdn.gaiaonline.com/images/event/october2010ci/oct2010_header.jpg", "http://s.cdn.gaiaonline.com/images/event/october2010ci/oct2010_header_cut.jpg"],
		"Neon Core CI": ["http://s.cdn.gaiaonline.com/images/event/november2010ci/nov2010_header.jpg", "http://s.cdn.gaiaonline.com/images/event/november2010ci/nov2010_header_cut.jpg"],
		"Cats and Dogs": ["http://w.cdn.gaiaonline.com/imaging/cms/header_minievent_1a_1291681922_bkgd.jpg", "pQFbtE1.jpg"],
		"Bitterfrost CI": ["caCE7W0.jpg", "CdVkp4q.jpg"]
	},
	"2011": {
		"Buccaneer Boardwalk": ["http://s.cdn.gaiaonline.com/images/zomg/beachboard_header.jpg", "http://s.cdn.gaiaonline.com/images/zomg/boardwalk_header_tile.jpg"],
		"Lost Chapter CI": ["6aJsCQa.jpg", "s0eUNC6.jpg"],
		"Love Charm II CI": ["dvJN7WL.jpg", "nQTaXWB.jpg"],
		"Crystal Overdrive CI": ["HH7w7pl.jpg", "Ieg530s.jpg"],
		"Meowbook": ["sq7p6tZ.jpg", "tX9TV3M.jpg"],
		"Arcana Break CI": ["EQlHGsk.jpg", "1wh45uQ.jpg"],
		"Easter": ["http://s.cdn.gaiaonline.com/images/event/easter2011/easter2011_bg.jpg", "http://s.cdn.gaiaonline.com/images/event/easter2011/easter2011_bg2.jpg"],
		"Eternal Rivals CI": ["az5QRs1.jpg", "SpWuqUT.jpg"],
		"Monster Galaxy": ["http://s.cdn.gaiaonline.com/images/event/mogaheader/11_05_moga_header.jpg", "http://s.cdn.gaiaonline.com/images/event/mogaheader/11_05_moga_header_tile.jpg"],
		"Screen King CI": ["83edx4s.jpg", "zvVJZPB.jpg"],
		"Pie Hard": ["http://s.cdn.gaiaonline.com/images/event/piehard2011/pie_header.jpg", "http://s.cdn.gaiaonline.com/images/event/piehard2011/pie_header_tile.JPG"],
		"Double Rainbow CI": ["vcyhLXc.jpg", "zxDjE9a.jpg"],
		"Valefor Academy CI": ["dUZeCyP.jpg", "d7wHsTD.jpg"],
		"Neverland CI": ["56JLY4I.jpg", "5UAAbix.jpg"],
		"Famestar Masquerade CI": ["aaAJgGh.jpg", "mb8pYEI.png"],
		"Guardian Totem CI": ["tBXw8Rr.jpgg", "E2X88et.png"],
		"Underland CI": ["http://s.cdn.gaiaonline.com/images/event/december2011ci/dec2011_underland_header.jpg", "http://s.cdn.gaiaonline.com/images/event/december2011ci/dec2011_underland_header_cut.jpg"],
		"Carol of Old Pete": ["E4QYakz.jpg", "vWV48qL.jpg"]
	},
	"2012": {
		"Radiant Galaxy CI": ["http://s.cdn.gaiaonline.com/images/event/ci/january2012/radiantglxy_header.jpg", "http://s.cdn.gaiaonline.com/images/event/ci/january2012/radiantglxy_header_cut.jpg"],
		"Love Charm III CI": ["http://s.cdn.gaiaonline.com/images/event/ci/february2012/feb_luvchrm3_header.jpg", "http://s.cdn.gaiaonline.com/images/event/ci/february2012/feb_luvchrm3_header_cut.jpg"],
		"Club Limbo CI": ["http://s.cdn.gaiaonline.com/images/event/ci/march2012/clblimbo_header.jpg", "http://s.cdn.gaiaonline.com/images/event/ci/march2012/clblimbo_header_cut.jpg"],
		"Easter 2K12": ["http://s.cdn.gaiaonline.com/images/event/easter2012/header/easter2k12_header2.jpg", "http://s.cdn.gaiaonline.com/images/event/easter2012/header/easter2k12_header2_cut.jpg"],
		"Gauntlets & Goblins CI": ["http://s.cdn.gaiaonline.com/images/event/ci/april2012/gauntletsngoblins_header.jpg", "http://s.cdn.gaiaonline.com/images/event/ci/april2012/gauntletsngoblins_header_cut.jpg"],
		"Radio Havok CI": ["http://s.cdn.gaiaonline.com/images/event/ci/may2012/radiohavok_header.jpg", "http://s.cdn.gaiaonline.com/images/event/ci/may2012/radiohavok_header_cut.jpg"],
		"Digital Rainbow CI": ["http://s.cdn.gaiaonline.com/images/event/ci/june2012/header.jpg", "http://s.cdn.gaiaonline.com/images/event/ci/june2012/header_cut.jpg"],
		"Runic Challenge CI": ["http://s.cdn.gaiaonline.com/images/event/ci/july2012/header.jpg", "http://s.cdn.gaiaonline.com/images/event/ci/july2012/header_cut.jpg"],
		"Rejected Olympics 2K12": ["http://s.cdn.gaiaonline.com/images/event/olympics2012/header/2012ROsummer_header.jpg", "http://s.cdn.gaiaonline.com/images/event/olympics2012/header/2012ROsummer_header_cut.jpg"],
		"RO 2K12 Aekea": ["http://s.cdn.gaiaonline.com/images/event/olympics2012/header/2012ROsummer_aekea_header.jpg", "http://s.cdn.gaiaonline.com/images/event/olympics2012/header/2012ROsummer_header_cut.jpg"],
		"RO 2K12 Barton": ["http://s.cdn.gaiaonline.com/images/event/olympics2012/header/2012ROsummer_barton_header.jpg", "http://s.cdn.gaiaonline.com/images/event/olympics2012/header/2012ROsummer_header_cut.jpg"],
		"RO 2K12 Durem": ["http://s.cdn.gaiaonline.com/images/event/olympics2012/header/2012ROsummer_durem_header.jpg", "http://s.cdn.gaiaonline.com/images/event/olympics2012/header/2012ROsummer_header_cut.jpg"],
		"RO 2K12 Gambino": ["http://s.cdn.gaiaonline.com/images/event/olympics2012/header/2012ROsummer_gambino_header.jpg", "http://s.cdn.gaiaonline.com/images/event/olympics2012/header/2012ROsummer_header_cut.jpg"],
		"Forgotten Reverie CI": ["http://s.cdn.gaiaonline.com/images/event/ci/august2012/header.jpg", "http://s.cdn.gaiaonline.com/images/event/ci/august2012/header_cut.jpg"],
		"Champion Halls CI": ["http://s.cdn.gaiaonline.com/images/event/ci/september2012/header.jpg", "http://s.cdn.gaiaonline.com/images/event/ci/september2012/header_cut.jpg"],
		"Heralds of Chaos": ["http://s.cdn.gaiaonline.com/images/hoc/header/HOC_gaiaheader_default.jpg", "7TxfH9B.jpg"],
		"HoC Demon": ["http://s.cdn.gaiaonline.com/images/hoc/header/HOC_gaiaheader_demon.jpg", "7TxfH9B.jpg"],
		"HoC Dragon": ["http://s.cdn.gaiaonline.com/images/hoc/header/HOC_gaiaheader_dragon.jpg", "7TxfH9B.jpg"],
		"HoC Kingdom": ["http://s.cdn.gaiaonline.com/images/hoc/header/HOC_gaiaheader_kingdom.jpg", "7TxfH9B.jpg"],
		"Dark Reflection 2 CI": ["http://s.cdn.gaiaonline.com/images/event/ci/october2012/header.jpg", "http://s.cdn.gaiaonline.com/images/event/ci/october2012/header_cut.jpg"],
		"Halloween": ["http://s.cdn.gaiaonline.com/images/event/halloween2012/header/thedon_header.jpg", "http://s.cdn.gaiaonline.com/images/event/halloween2012/header/thedon_header_side.jpg"],
		"Cryptic Path CI": ["http://s.cdn.gaiaonline.com/images/event/ci/november2012/header.jpg", "http://s.cdn.gaiaonline.com/images/event/ci/november2012/header_cut.jpg"],
		"Trinket Heart CI": ["http://s.cdn.gaiaonline.com/images/event/ci/december2012/header.jpg", "http://s.cdn.gaiaonline.com/images/event/ci/december2012/header_cut.jpg"],
		"Apocalypsmas (Xmas)": ["http://s.cdn.gaiaonline.com/images/event/xmas2012/headers/header_1.jpg", "http://s.cdn.gaiaonline.com/images/event/xmas2012/headers/header_1_side.jpg"],
		"Apocalypsmas 2": ["http://s.cdn.gaiaonline.com/images/event/xmas2012/headers/header_2.jpg", "http://s.cdn.gaiaonline.com/images/event/xmas2012/headers/header_2_side.jpg"],
		"Apocalypsmas 3": ["http://s.cdn.gaiaonline.com/images/event/xmas2012/headers/header_3.jpg", "http://s.cdn.gaiaonline.com/images/event/xmas2012/headers/header_3_side.jpg"],
		"Apocalypsmas 4": ["http://s.cdn.gaiaonline.com/images/event/xmas2012/headers/header_4.jpg", "http://s.cdn.gaiaonline.com/images/event/xmas2012/headers/header_4_side.jpg"],
		"Apocalypsmas 5": ["http://s.cdn.gaiaonline.com/images/event/xmas2012/headers/header_5.jpg", "http://s.cdn.gaiaonline.com/images/event/xmas2012/headers/header_5_side.jpg"],
		"Apocalypsmas 6": ["http://s.cdn.gaiaonline.com/images/event/xmas2012/headers/apocalypsmas_header_01ABC.jpg", "http://s.cdn.gaiaonline.com/images/event/xmas2012/headers/header_1_side.jpg"],
		"Apocalypsmas 7": ["http://s.cdn.gaiaonline.com/images/event/xmas2012/headers/apocalypsmas_header_02DCF.jpg", "http://s.cdn.gaiaonline.com/images/event/xmas2012/headers/header_1_side.jpg"],
		"Apocalypsmas 8": ["http://s.cdn.gaiaonline.com/images/event/xmas2012/headers/apocalypsmas_header_03J8C.jpg", "http://s.cdn.gaiaonline.com/images/event/xmas2012/headers/header_4_side.jpg"],
		"Apocalypsmas 9": ["http://s.cdn.gaiaonline.com/images/event/xmas2012/headers/apocalypsmas_header_04LXQ.jpg", "http://s.cdn.gaiaonline.com/images/event/xmas2012/headers/header_4_side.jpg"],
		"Apocalypsmas 10": ["http://s.cdn.gaiaonline.com/images/event/xmas2012/headers/apocalypsmas_header_05AW2.jpg", "http://s.cdn.gaiaonline.com/images/event/xmas2012/headers/header_4_side.jpg"]
	},
	"2013": {
		"Impractical Gala CI": ["http://s.cdn.gaiaonline.com/images/event/ci/january2013/header_010913_7197.jpg", "http://s.cdn.gaiaonline.com/images/event/ci/january2013/header_cut_010913_7197.jpg"],
		"Anniversary 2013": ["http://s.cdn.gaiaonline.com/images/event/anniversary2013/header/luvofgaia2k13_header.jpg", "http://s.cdn.gaiaonline.com/images/gaia_global/gaia_header/new_header/rs_header_bg_barton_tile_sprite.jpg"],
		"Final Line CI": ["http://w.cdn.gaiaonline.com/mfs/index/adminupload/4b01ec466401.jpg", "http://w.cdn.gaiaonline.com/mfs/index/adminupload/fcf56e682f66.jpg"],
		"A Bunny's Lament": ["http://s.cdn.gaiaonline.com/images/event/easter2013/header/easter2013_bunnylament_header.jpg", "http://s.cdn.gaiaonline.com/images/event/easter2013/header/easter2013_bunnylament_cut.jpg"],
		"Culinary Coliseum CI": ["http://w.cdn.gaiaonline.com/mfs/index/adminupload/f39119b2a7ba.jpg", "http://w.cdn.gaiaonline.com/mfs/index/adminupload/27e96ed46154.jpg"],
		"Seven Seas CI": ["http://w.cdn.gaiaonline.com/mfs/index/adminupload/5c7e3d98a667.jpg", "http://w.cdn.gaiaonline.com/mfs/index/adminupload/5a1699541907.jpg"],
		"Game On CI": ["http://w.cdn.gaiaonline.com/mfs/index/adminupload/a61815193ed1.jpg", "http://w.cdn.gaiaonline.com/mfs/index/adminupload/21184cda8166.jpg"],
		"What the Fluff!": ["http://s.cdn.gaiaonline.com/images/event/summer2013/summer2k13wtfluff_header.jpg", "http://s.cdn.gaiaonline.com/images/event/summer2013/summer2k13wtfluff_header_cut.jpg"],
		"Carnival Du Gothique CI": ["http://w.cdn.gaiaonline.com/mfs/index/adminupload/0235debf9df9.jpg", "http://w.cdn.gaiaonline.com/mfs/index/adminupload/d85dedfcee8b.jpg"],
    "Starlight Redemption CI": ["http://w.cdn.gaiaonline.com/mfs/index/adminupload/422675eed918.jpg", "http://w.cdn.gaiaonline.com/mfs/index/adminupload/430fe0a24c39.jpg"],
    "Return to Valefor CI": ["http://w.cdn.gaiaonline.com/mfs/index/adminupload/0830c7c8f1b9.jpg", "http://w.cdn.gaiaonline.com/mfs/index/adminupload/7e9ec36d3710.jpg"],
    "Midnight Citadel CI": ["http://w.cdn.gaiaonline.com/mfs/index/adminupload/c5fdb3c41036.png", "http://w.cdn.gaiaonline.com/mfs/index/adminupload/5d42e8ca0907.png"],
    "Halloween Vengeance": ["http://s.cdn.gaiaonline.com/images/event/halloween2013/header/h2k13_jkveb_header.png", "http://s.cdn.gaiaonline.com/images/event/halloween2013/header/h2k13_jkveb_header_cut.png"],
    "Verdant Grove CI": ["http://w.cdn.gaiaonline.com/mfs/index/adminupload/82f4e66d65ef.jpg", "http://w.cdn.gaiaonline.com/mfs/index/adminupload/247e5500f8a5.jpg"],
    "Checkmate Tactics CI": ["http://w.cdn.gaiaonline.com/mfs/index/adminupload/a4a27f51a3ac.jpg", "http://w.cdn.gaiaonline.com/mfs/index/adminupload/223610ac73b4.jpg"],
    "Xmas Resolution": ["http://w.cdn.gaiaonline.com/mfs/index/adminupload/91329076499c.jpg", "http://w.cdn.gaiaonline.com/mfs/index/adminupload/54733fd92683.jpg"]
	},
  "2014": {
    "Nouvelle Lune CI": ["http://w.cdn.gaiaonline.com/mfs/index/adminupload/e6eac8682bc5.png", "http://w.cdn.gaiaonline.com/mfs/index/adminupload/a542ea314a19.png"],
    "In Deep Ship CI": ["http://w.cdn.gaiaonline.com/mfs/index/adminupload/d6e59239864b.jpg", "http://w.cdn.gaiaonline.com/mfs/index/adminupload/ed0fa8df7f51.jpg"],
    "Underworld Descent CI": ["http://w.cdn.gaiaonline.com/mfs/index/adminupload/aec1b0ce10ea.jpg", "http://w.cdn.gaiaonline.com/mfs/index/adminupload/35292f294744.jpg"],
    "Budding Bistro CI": ["http://w.cdn.gaiaonline.com/mfs/index/adminupload/b4062e071cbb.jpg", "http://w.cdn.gaiaonline.com/mfs/index/adminupload/cd7f95cd0ac3.jpg"],
    "Rising Concerto": ["http://w.cdn.gaiaonline.com/mfs/index/adminupload/c91fb0d9cfc5.jpg", "http://w.cdn.gaiaonline.com/mfs/index/adminupload/39889ef5c42d.jpg"],
    "April Fools": ["http://s.cdn.gaiaonline.com/images/event/aprilfool2014/april2k14_takeover_header.jpg", "http://s.cdn.gaiaonline.com/images/gaia_global/gaia_header/new_header/rs_header_bg_barton_tile_sprite.jpg"],
    "Vivid Harmony CI": ["http://w.cdn.gaiaonline.com/mfs/index/adminupload/d18e5e4355e7.jpg", "http://w.cdn.gaiaonline.com/mfs/index/adminupload/2745826a0148.jpg"],
    "Easter": ["http://s.cdn.gaiaonline.com/images/event/easter2014/header/easter2k14_header.jpg", "http://s.cdn.gaiaonline.com/images/event/easter2014/header/easter2k14_header_tile.jpg"],
	"Peyo's Fables CI": ["http://w.cdn.gaiaonline.com/mfs/index/adminupload/7754274af669.jpg", "http://w.cdn.gaiaonline.com/mfs/index/adminupload/37665aca2798.jpg"],
	"Contagious CI": ["http://w.cdn.gaiaonline.com/mfs/index/adminupload/664c599d0f88.jpg", "http://w.cdn.gaiaonline.com/mfs/index/adminupload/ef62adcdcdc4.jpg"],
	"Summer Sale": ["http://w.cdn.gaiaonline.com/mfs/index/adminupload/4d3f7d793522.jpg", "http://w.cdn.gaiaonline.com/mfs/index/adminupload/ad1759c8c566.jpg"],
	"Rascal Rump CI": ["http://w.cdn.gaiaonline.com/mfs/index/adminupload/70d46372c8d1.jpg", "http://w.cdn.gaiaonline.com/mfs/index/adminupload/131e76ab48a3.jpg"],
	"Tailored Star CI": ["http://w.cdn.gaiaonline.com/mfs/index/adminupload/f5e7a0861835.jpg", "http://w.cdn.gaiaonline.com/mfs/index/adminupload/5881ebcf4861.jpg"],
	"Spirit of the Summer": ["http://s.cdn.gaiaonline.com/images/event/summer2014/header/summer2k14event_header.jpg", "http://s.cdn.gaiaonline.com/images/event/summer2014/header/summer2k14event_header_cut.jpg"],
	"Enigma Institute CI": ["http://w.cdn.gaiaonline.com/mfs/index/adminupload/b7de6f51b3f4.jpg", "http://w.cdn.gaiaonline.com/mfs/index/adminupload/325803ed79a4.jpg"],
	"Luminous Void CI": ["http://w.cdn.gaiaonline.com/mfs/index/adminupload/4e3d6860f46d.jpg", "http://w.cdn.gaiaonline.com/mfs/index/adminupload/426669570910.jpg"],
	"Zephyr Strife CI": ["http://w.cdn.gaiaonline.com/mfs/index/adminupload/489096c25c0b.jpg", "http://w.cdn.gaiaonline.com/mfs/index/adminupload/35a02500859b.jpg"],
	"Frozen Repose CI": ["http://w.cdn.gaiaonline.com/mfs/index/adminupload/5fde46e9edcd.jpg", "http://w.cdn.gaiaonline.com/mfs/index/adminupload/d4b2dbd23775.jpg"],
	"Bitter Slumber": ["http://s.cdn.gaiaonline.com/images/event/xmas2014/201412_xmasheader.jpg", "http://s.cdn.gaiaonline.com/images/event/xmas2014/201412_xmasheader_cut.jpg"]
  },
    "2015": {
		"New Attitude CI": ["http://w.cdn.gaiaonline.com/mfs/index/adminupload/031863aab421.jpg", "http://w.cdn.gaiaonline.com/mfs/index/adminupload/00cc68fa2feb.jpg"],
		"Ships Going Down CI": ["http://w.cdn.gaiaonline.com/mfs/index/adminupload/866ee81a6367.jpg", "http://w.cdn.gaiaonline.com/mfs/index/adminupload/99fbb353cb95.jpg"],
		"Love Me Not VDAY": ["http://s.cdn.gaiaonline.com/images/event/vday2015/2015valentines_header.jpg", "http://s.cdn.gaiaonline.com/images/event/vday2015/2015valentines_header_cut.jpg"],
		"Brainologists Unite CI": ["http://w.cdn.gaiaonline.com/mfs/index/adminupload/d9c8d86f8f39.png", "http://w.cdn.gaiaonline.com/mfs/index/adminupload/a6bcf56e6716.jpg"],
		"Tendit Ad Astra CI": ["http://w.cdn.gaiaonline.com/mfs/index/adminupload/dc75a97ffef8.jpg", "http://w.cdn.gaiaonline.com/mfs/index/adminupload/cbcde1a26746.jpg"]
	},
	"Towns": {
		"Barton & Current Events": ["default", "default"],
		"Aekea": ["http://s.cdn.gaiaonline.com/images/gaia_global/gaia_header/new_header/il_header_bg_aekea_sprite.jpg", "http://s.cdn.gaiaonline.com/images/gaia_global/gaia_header/new_header/rs_header_bg_aekea_tile_sprite.jpg"],
		"Bassken": ["http://s.cdn.gaiaonline.com/images/gaia_global/gaia_header/new_header/il_header_bg_bassken_sprite.jpg", "http://s.cdn.gaiaonline.com/images/gaia_global/gaia_header/new_header/rs_header_bg_bassken_tile_sprite.jpg"],
		"Durem": ["http://s.cdn.gaiaonline.com/images/gaia_global/gaia_header/new_header/il_header_bg_durem_sprite.jpg", "http://s.cdn.gaiaonline.com/images/gaia_global/gaia_header/new_header/rs_header_bg_durem_tile_sprite.jpg"],
		"Gambino": ["http://s.cdn.gaiaonline.com/images/gaia_global/gaia_header/new_header/il_header_bg_gambino_sprite.jpg", "http://s.cdn.gaiaonline.com/images/gaia_global/gaia_header/new_header/rs_header_bg_gambino_tile_sprite.jpg"]
	}
}
